Shayne,Sutworth
Jessika,Guillotin
Garwin,Dutton
Budd,McIan
Amble,Puddicombe
Danica,McGillivrie
Tiffanie,Rettie
Juanita,Jennemann
Aldis,Ivanichev
Hedvig,Drei
Sabina,Muzzall
Basia,Willden
Waneta,Pilkington
Cathyleen,Jirsa
Selene,Girardin
Bonnie,Kristoffersen
Anestassia,Waywell
Elsworth,Alesin
Harmon,McTeggart
Lucias,Itskovitz
Farrand,McKinie
Diego,McDill
Paolo,Linfitt
Magnum,Grigoire
Hertha,Budnk
Lucia,Skillicorn
Alanah,Gristwood
Meier,D'Hooghe
Winifield,Menci
Rochester,Rubinivitz
Traver,D'Adamo
Doroteya,Tillerton
Kalindi,Bassingden
Valdemar,Shropsheir
Babs,Sidle
Broderic,Yate
Seth,Jopson
Pauly,Helleker
Zarah,Vernall
Holly-anne,Rowlands
Tildi,Bulch
Gillian,Hedman
Kaleena,Bascombe
Hinze,Mccaull
Consuelo,Pfeifer
Lucio,Gallahar
Jenilee,Simoneschi
Benedicto,Clemont
Gran,Shotboult
Shanan,Stollwerk
Jozef,Josephsen
Tasia,Wyburn
Sofia,Fudge
Maxi,Agates
Booth,Pentland
Phedra,Mathis
Deloria,Ravenscroft
Sydelle,McColm
Wilhelmine,Bygraves
Durand,Grishinov
Rossie,Hayward
Lana,Jerosch
Ania,Sansome
Rhodia,Yonge
Merry,Maasze
Eden,Walkington
Olenka,Fiveash
Dun,Ison
Rosene,Timoney
Ryun,Dyshart
Gherardo,Phelps
Mel,Keston
Jelene,Lavington
Creight,Sighard
Ellery,Roggerone
Northrop,Janacek
Curran,Abrahamsson
Tori,Lackinton
Elisha,Manhood
Jeremie,Comins
Courtenay,Urlich
Lisa,Cuttler
Carroll,Aleksich
Joline,Matzkaitis
Tine,Huygen
Carina,Probert
Lorette,Eeles
Demetri,Meugens
Luciana,Ledger
Crystal,Batiste
Shelley,Chesterton
Cthrine,Gaynor
Carmine,Drewery
Haily,Dowgill
Drusie,Tripon
Symon,Etherington
Alvin,Scoffham
Dougy,Krojn
Roxine,Ridsdell
Hall,Trehearne
Kelsey,Coxhell
Norry,Mungin
Concordia,De Giovanni
Wini,McGilvray
Tiffani,Saiger
Dorotea,Conre
Elsie,Bracey
Ivory,Carlesi
Dulcia,Gossop
Rhona,Dedmam
Alecia,Henzley
Cicily,McPeeters
Gwendolin,Penvarden
Sapphire,Corss
Danice,Reddle
Dayna,Stigger
Howey,Ridler
Fax,Ottee
Erhard,Straw
Ophelie,Scotchmoor
Olivie,Wherrett
Laney,Wickett
Brigg,Tanman
Marianne,MacMillan
Lovell,Vannucci
Dorothee,Demaine
Fleur,Lehenmann
Tabbatha,Sporner
Chris,Blumson
Asa,Scotchmor
Tito,Paolotto
Tate,Gilliver
Hammad,Duchart
Kit,Mabbe
Georas,Fosdyke
Tammy,Emmet
Florance,McLewd
Bealle,Reagan
Lurleen,Abyss
Glen,Dunston
Linnea,Chevalier
Rex,Cattanach
Gayler,Nason
Onofredo,Greenfield
Carling,Fifoot
Malina,Leverage
Bell,Doblin
Roshelle,Tribe
Kaja,McGorley
Radcliffe,Stollery
Luelle,Moulster
Amby,Cattermull
Thorstein,Bottomley
Katrinka,MacGiolla
Rosetta,Ensley
Lorenza,Room
Harlen,Brisard
Bonnie,Grut
Haven,Gartell
Matthiew,Bilbrey
Hugh,Erridge
Boyd,Bettenson
Duane,Byrd
Ramsey,Pull
Keane,Rigard
Anna-diana,Bogaert
Krysta,Herreran
Reuben,Frarey
Robinetta,Chaulk
Anderson,Penwarden
Micah,Berndsen
Tobe,Davidovits
Neill,Stanton
Stevy,Dudenie
Benoite,Beloe
Felicdad,Blundin
Franni,Manuelli
Salvatore,O'Caherny
Gilbert,Olyonov
Towny,Revan
Kati,Levitt
Scot,Ferentz
Merilee,Siggin
Bryant,Maytum
Fernando,Kaser
Hastings,Mardell
Tiffanie,Pettigree
Duff,Gabe
Gene,Taverner
Brnaby,Swapp
Kippy,Mc Menamin
Vivian,Laurentin
Verge,Davis
Dinny,Khan
Sonnie,Gibb
Benni,Langcastle
Willamina,Lynthal
Jordana,Jaycock
Conant,Strick
Bar,Rubie
Augustine,Dono
Wells,Clulee
Alexis,Beachamp
Ernie,Teideman
Lief,Scoble
Hettie,Ferschke
Casar,Wedge
Glyn,Aldie
Andrew,Deguara
Dwayne,Askam
Seth,Lattka
Eveline,Galle
Ettie,Roxburgh
Ada,Houlridge
Billye,Hanbury
Myrwyn,Bellworthy
Ellie,Tower
Pinchas,Dransfield
Anabel,Moggach
Chloette,Kernocke
Wernher,Treweela
Lonnie,Roose
Darryl,Terran
Netty,Audas
Chelsea,Iacoviello
Bette,Van der Velde
Rickie,Skoughman
Kacie,Episcopi
Amabel,Arrigo
Daryl,Creevy
Korrie,Flasby
Deny,Skade
Michale,Antonikov
Erminia,Oubridge
Effie,Geerling
Melvyn,Conrath
Randal,Seignior
Ursulina,Demanche
Ophelie,Normandale
Brenn,Baylis
Cortie,Assender
Torrey,Fernley
Livvy,Doward
Egan,Karran
Krystyna,Fegan
Georgiana,Cossor
Tan,Stienton
Elmo,Nizet
Marco,Nowakowski
Ardra,Tremmel
Nate,Sakins
Elihu,Bracco
Quinta,Bramford
Melodee,Jinkinson
Gail,Farman
Renae,Sumption
Flo,Kingsnorth
Bernette,Klessmann
Sheffie,Feckey
Julieta,Rockhill
Esra,Pothbury
Hulda,Vondruska
Barron,Pippin
Vasili,Gunnell
Giacomo,Crispin
Zarla,Ferbrache
Leupold,Vagges
Freemon,Selesnick
Rachael,Munsey
Catherine,Tolwood
Tiertza,Povlsen
Saundra,Werrilow
Opal,Pedlingham
Nickolai,Sigsworth
Freddy,Andersson
Constantine,Maydwell
Jared,Carling
Evelina,Tiery
Tallie,Deveril
Sonni,Ozanne
Brand,Brixham
Lucie,Feifer
Red,Gorden
Ozzie,Vittle
Jeannie,Cork
Isac,Bissex
Amalita,Cholwell
Packston,Brattell
Miner,Fysh
Hildagarde,Mattiazzo
Ella,Overal
Murielle,Marcome
Darrelle,Atterley
Darcee,Barczewski
Humbert,Waszkiewicz
Madelene,McCowen
Niccolo,Shilton
Devi,Deschelle
Tildi,Izkoveski
Bernita,Croxall
Gav,Pudding
Galina,Tutton
Warren,Odell
Tessi,Moscone
Nap,Hardwell
Mareah,Grand
Dannie,Bracher
Kittie,Warkup
Mile,Pinar
Yard,Yankin
Allyn,Paffot
Deck,Arrington
Alia,Drinkwater
Bernie,Robertis
Lucila,Kerner
Gregorio,Torn
Kelcy,McEllen
Trever,Marnane
Esme,McKeighen
Jens,Jozwicki
Leonard,Peet
Ferdy,Woollhead
Daniela,Jeste
Merwin,Undy
Rhona,Enderle
Joni,Poynser
Binky,Klagges
Don,Bartunek
Olly,Mc Ilwrick
Morgen,Jeanneau
Bendicty,Grix
Elaina,Wallas
Heidie,Killoran
Virge,Fairlaw
Gavin,Fihelly
Gilberte,Jankin
Regen,Windress
Hendrika,Bellingham
Aleksandr,Coal
Florance,Savile
Gretta,Blackledge
Pat,Coburn
Dena,Mayall
Morissa,Marriage
Ebonee,Ivancevic
Marve,Foxten
Kelci,Jacobsohn
Claiborne,Domini
Darcey,Westhoff
Ari,Speake
Jackquelin,Tufts
Erhart,Ulster
Morgen,Waszczyk
Hilliard,Lacroutz
Kaylil,Tremolieres
Silas,Stritton
Shelby,McPhillips
Gilberte,Middas
Alard,Paydon
Alyse,Kubala
Mirabella,Lowten
Renata,Espinha
Shaylynn,Hartshorne
Garner,Rhoddie
Lorianna,Dyet
Tani,Bretelle
Shirleen,Stephenson
Maxy,Endley
Royall,Moores
Stace,Sircomb
Calida,Benditt
Calida,Markl
Rab,Hessle
Wilt,Chaston
Glenine,Zecchini
Sergio,Coste
Percy,Dingate
Cairistiona,Cluitt
Gladi,Heavyside
Kacy,Bittlestone
Clemmy,Scain
Humfried,Hagland
Gibby,Askham
Maxi,Fair
Aimee,Iacovino
Karoly,Casaroli
Beth,Bridgeland
Lacee,McHaffy
Frederick,Upston
Irene,Rossin
Magda,Pepler
Sonny,Artharg
Doria,Reede
Filberte,Kleis
Kerrie,Chavez
Matt,Baddow
Marys,Westhofer
Penny,Seleway
Sascha,Grahl
Christina,Vickerman
Verina,Sabatini
Harwilll,Phillpot
Serene,Francello
Hunter,Schulkins
Francesca,Reinhard
Cal,McCaughan
Dorella,Wabersich
Kiley,Abbett
Caddric,Quelch
Gerri,Mahody
Marcos,Oakes
Marvin,Lefort
Roz,Rangall
Rose,Gunda
Victor,Flecknell
Kathleen,Whitehouse
Stillman,Roback
Jillian,Farryn
Heather,Hurlin
Gradey,Mangam
Dora,Garrie
Hamil,McShee
Fernande,Jeanneau
Krisha,Vennart
Bern,Klauer
Sheilakathryn,Sharpless
Beryle,Mulberry
Bram,McGrouther
Winnie,Rampley
Orin,Emons
Maryjo,Yemm
Webb,Chicotti
Dulcine,Langabeer
Rene,Gimeno
Cordelie,Cayle
Fremont,Mullis
Elora,Bosley
Felicio,Maymond
Shelby,Iorizzi
Nehemiah,Osgar
Andriana,Erridge
Judy,Lorans
Griselda,Tysack
Lolita,Trevorrow
Lars,Grigoriscu
Ailee,Trevarthen
Bill,Carling
Hope,Scandred
Rupert,Jovovic
Simonette,Conti
Beulah,Lowder
Pamella,Tobias
Gram,Annon
Levin,Asson
Jeffy,Paullin
Archibold,Redier
Anthiathia,Gilderoy
Kylila,Bridgwater
Hansiain,Duigan
Hadley,Kingh
Skye,McConway
Gwyn,Myhill
Herb,Cherrison
Arleen,Simionato
Charla,Mapes
Keenan,Crame
Odessa,Pawsey
Ketti,Cawthry
Ardine,Nend
Garnette,Helliker
Tommi,Haslewood
Ulrich,Nilles
Mina,Osbourn
Dorris,Loader
Hermy,Georghiou
Geno,Petrasso
Lil,Elgy
Abramo,Descroix
Wilow,Beadnall
Ad,Brandon
Dorise,Gue
Wilone,Gynne
Wynny,Lauxmann
Stormy,Wesker
Louise,Brooks
Grenville,Bohlsen
Audre,Schettini
Sarita,Lumsden
Kermit,Dallon
Berkie,Brunelli
Jodi,Mainz
Stacee,Kift
Deborah,Kreber
Libby,Copnall
Chic,Domican
Quinn,Murison
Roobbie,Kluge
Noe,Sterzaker
Ofella,Venny
Ogdon,Joost
Kyrstin,Garard
Myrna,Stritton
Jemmy,Pockett
Chaddy,Bruhnicke
Jared,Helling
Garreth,Sellen
Neron,Collumbell
Dario,McDermott-Row
Drucy,McRory
Vinny,Lebel
Cathrin,Fardy
Phyllida,Prendeguest
Onfre,Speechley
Arron,Craxford
Meade,Poff
Jo,Scare
Saraann,Beecheno
Kaylee,Chamberlin
Prentiss,Zanelli
Alfy,Thewlis
Sandy,Marshal
Antonietta,Switsur
Willabella,Mitskevich
Malachi,Gibling
Christoper,Marriage
Jobey,Toquet
Niko,Ashelford
Caro,Dunnett
Krystalle,Innett
Freeman,Warde
Ellette,McGilben
Armin,Faircliffe
Rowena,Baudins
Crysta,Rousel
Daryle,Neising
Rivalee,Vynarde
Pembroke,Torfin
Delphinia,Laflin
Austin,Kilian
Mohandis,Babon
Robinet,Frankel
Raf,McConaghy
Araldo,Wilkisson
Alfie,Cornelissen
Elsie,Straker
Bern,de Cullip
Lydon,Dooman
Dougy,Warters
Batsheva,Joanaud
Lori,Orniz
Chryste,Bransom
Tadeo,Fennessy
Rodolph,McMullen
Courtnay,Fassbindler
Ebba,Danell
Marrilee,Labin
Randolph,Podd
Bobette,Dumke
Laurette,Rubenovic
Ivor,Izak
Freddi,Mulderrig
Audrey,Boxhill
Nathanil,Godin
Korry,Dailly
Renelle,Goodright
Jyoti,Gronw
Cristi,Couch
Stacia,Phizaclea
Bernardina,Dayly
Marje,Monsey
Kristen,McGhie
Gabi,Terne
Hamlen,Nanni
Harcourt,Kennea
Brenna,Conkay
Leone,Gaskill
Redd,Bischof
Alidia,Bartkowiak
Kris,Buntain
Bertie,Threadgould
Concordia,De Vaar
Wolfgang,Benazet
Annalee,Aguirre
Briano,Layburn
Zorana,Raspel
Moises,MacGinney
Travis,Swithenby
Olivier,Teodorski
Charlean,Melburg
Danita,Jedrachowicz
Fransisco,Fleming
Aurelie,Minelli
Eveline,Pitcaithly
Fay,Thornbarrow
Gregorio,Carlyon
Geoffrey,Akroyd
Sherm,Gilbey
Charline,Tew
Annecorinne,Dixon
Benoit,Witter
Antonella,Baitson
Rakel,Petheridge
Hyacinthie,Benham
Chance,Jeppe
Gill,Feldberger
Savina,Harman
Delinda,Rupel
Amble,Bremen
Betteanne,Gayter
Thorvald,Sunock
Marcelia,Taberer
Nero,Hellier
Flossy,Mordan
Mora,Egel
Carmencita,Punton
Hermie,Di Francesco
Rowena,Gully
Tiler,Rouf
Marwin,Hunnybun
Alyosha,Vasiliev
Nealson,Sieb
Elisabet,Graeme
Danette,Barthelme
Colene,Halls
Thornton,Scutt
Finley,Sedge
Helaina,Hearn
Alix,Grinter
Bertina,Earp
Anders,Guyon
Ned,Wollrauch
Skylar,Villalta
Gavin,Bickerton
Clarisse,Crambie
Otha,Dofty
Sarina,Tourot
Jacques,McCurdy
Mia,Shrubb
Mariya,MacGahy
Adda,McAreavey
Lavena,Dine-Hart
Ralina,Sabater
Karena,McDermid
Ciel,Machin
Onofredo,Guthrie
Aylmar,Hitcham
Valaria,Cowdroy
Jarid,Kemmet
Ketty,Chimienti
Niki,Tuberfield
Bonnee,Joinson
Hans,Scutts
Abby,MacConnechie
Antonie,Goolden
Melva,Goodhand
Zechariah,Goude
Nikkie,Adamkiewicz
Malory,Rzehorz
Tomas,Micah
Gabriello,Narup
Arabella,Dobinson
Ibby,Lorinez
Evyn,Nelissen
Evvie,Hawtin
Lonnie,Lockitt
Lorrie,Lowes
Prinz,Lettson
Liliane,Clutheram
Kari,Huison
Idelle,Wycherley
Eduardo,MacNeilage
Mikol,Cobello
Bettye,Been
Ringo,Norrey
Chelsea,Gowanlock
Cordy,Rootes
Sadye,Burnhill
Robbert,Liveley
Keeley,Culham
Cozmo,Wigfield
Fax,Gowdridge
Dory,Ritch
Maxie,Czadla
Felicle,Thurlbeck
Alwin,Hoovart
Pace,Kingcote
Eb,Ivasechko
Monroe,Peatheyjohns
Wynnie,Warrior
Miguela,Crighten
Wilma,Cleife
Con,Magnus
Liana,Bracken
Rosco,Tippler
Pippa,Pettigrew
Daron,Phittiplace
Adey,Papen
Emlynne,Jura
Garret,Hall-Gough
Gabbi,Alven
Jeremias,Kubica
Garold,Rehor
Filberte,Wolver
Rayner,Alvarado
Tatum,Tolomio
Kathi,Corderoy
Layton,Sandy
Ajay,Simmings
Zane,Wallworth
Livvy,Salasar
Sauveur,Bottrell
Gregor,Corkitt
Zora,Martino
Rosabel,Hockell
Sheppard,Bristoe
Darnall,Sidery
Arman,Rizzi
Matthus,De Leek
Constantine,Towsie
Rutledge,Cuff
Nat,Della
Bar,Hogbourne
Nelly,Merigon
Nani,Laingmaid
Terrijo,Taggart
Hastings,Kindleside
Wallas,Hillum
Elliot,Somerset
Raina,Gerrens
Hermon,Minors
Blakeley,Slee
Wilbert,Fontel
Nanny,Huxley
Hazlett,Siddaley
Normie,Delong
Tamara,Keene
Ferrell,Cody
Bink,Barwack
Jilly,Vaughan
Tania,Correa
Fidelity,Woollett
Spike,Geely
Reyna,Laste
Taryn,Hamlett
Amie,Habershaw
Wittie,Goodram
Brandais,Croy
Nevsa,Bambrough
Madelon,McDarmid
Stillman,Gemmell
Jodi,McManus
Ardys,Boylund
Arie,St. John
Corty,Allpress
Latia,Grzelczak
Ivie,O'Kinneally
Jeffrey,Peche
Drusilla,Arkil
Reuben,Edelheit
Gloriane,Dunstone
Dacie,Grenshields
Lidia,Iveson
Dorree,Phippin
Kevina,Girk
Loutitia,Revill
Catrina,Rumbellow
Rheta,Cawdery
Sharona,Palek
Sammy,Binyon
Francis,Barbisch
Maybelle,Alishoner
Silvio,Pennoni
Lena,Munnion
Carmel,Bearcock
D'arcy,Dockerty
Jakie,Burch
Teresina,Blaker
Enoch,Carluccio
Dulciana,Elsey
Tasia,Penni
Kandy,Collet
Thorn,Giorgio
Berta,McIlenna
Eugenius,Aizikowitz
Felicity,Vellacott
Jorrie,Lotterington
Amery,Stobbs
Rolando,Ricart
Johannes,Mangion
Zachary,Franseco
Tammie,Gronou
Gillan,Aish
Judi,Croke
Iorgo,Lowthorpe
Sophie,Matzl
Sylvan,Pittson
Diego,Manilo
Rudd,Broek
Alister,Surman
Hanan,Lande
Gregorio,De Stoop
Clemmy,Corington
Hulda,Renol
Budd,Ayers
Claudell,Davydkov
Sadie,Almak
Brear,Schroeder
Charmane,Bolstridge
Kimmy,Lansbury
Bernice,Rampage
Starlin,Addlestone
Malia,Richings
Axe,Lydiate
Danny,De Cruz
Gisella,Hiom
Wallas,Samwaye
Charlena,Iannini
Carmelle,Viggers
Johnna,Davydoch
Mireille,Archell
Harp,Laimable
Carina,Chaters
Valentine,Welband
Myca,Kenyon
Antonius,Dewerson
Mauricio,Hercock
Rodolfo,McCreery
Hertha,Maleham
Adolf,Edgerley
Nev,Blackah
Putnam,Warkup
Weidar,Tiernan
Mella,Pilling
Danni,Papworth
Barrie,Segar
Paulette,O'Neill
Lauralee,Luxford
Kathryn,Chapell
Ellette,Peniello
Benn,Hourihan
Koo,Pavitt
Whittaker,Blois
Adara,Gallaway
Burt,Souster
Dolf,Hugle
Teddy,Truman
Lola,Blucher
Sherie,Larvent
Guthrey,Evetts
Corrinne,Sabate
Idette,Gibson
Kalila,Reddington
Sela,Stirling
Thacher,Lansdowne
Puff,Munkley
Calypso,Jerred
Thorny,Falls
Aymer,Trudgian
Yvon,Tennewell
Winona,Normington
Torie,Willgress
Jillane,Dowbakin
Enrika,Carress
Elliott,Petford
Allistir,Budge
Grethel,Mathieson
Nerte,Anchor
Myriam,Ludlem
Gan,Hubber
Lizette,Carefull
Jesus,Pepper
Eddi,Lourens
Tadio,Wickardt
Else,Raspison
Fitzgerald,Forestall
Noam,Keuntje
Derry,Brumfield
Allyce,Temblett
Maura,Jerams
Cairistiona,Yarrall
Roland,Balderston
Cassandre,Lilburne
Hansiain,Lukacs
Lilian,Rodie
Bernardine,Borghese
Grover,Dicky
Ingelbert,Gurney
Sharline,Fitzer
Margette,Pietesch
Shaw,Sebrook
Midge,Byrom
Caleb,Letford
Osmund,Bertl
Harmonia,Bentham
Correy,McCartan
Estrella,Hammarberg
Emylee,Goadsby
Derwin,Gunnell
Verne,Deboo
Fallon,Melvin
Zacharia,Fruchter
Alfy,Shearer
Darby,Challener
Spenser,Glanton
Andrei,Coode
Portia,Richichi
Angus,Weiss
Burlie,Brehault
Raquela,Pagelsen
Artemis,Miquelet
Bev,Mahedy
Maddie,Mogey
Chloe,Klimkov
Lottie,Klimas
Vergil,Stocken
Teri,Klimpt
Joye,Valenti
Denna,Bescoby
Powell,Vaudre
Granthem,Pead
Austin,Yankeev
Ida,Hawkswell
Darbee,Crady
Jessamine,MacKartan
Anderea,Herrero
Brad,Managh
Tori,Levy
Sascha,Hayden
Emmery,Ainscow
Pepito,Figgs
Kyle,Josilevich
Abbye,Founds
Leeland,MacAscaidh
Georas,Goodbar
Rayner,Cresswell
Jillane,Girling
Byrle,Larrad
Gaile,Domanski
Rosaline,Paget
Constantino,Burberye
Gran,Gavrieli
Daphne,Wanless
Lari,Bignall
Isabella,Whoolehan
Kerr,Nardrup
Esta,Zohrer
Hadria,Gutridge
Gardner,Crossdale
Georg,Huton
Link,Relfe
Rachelle,Mayow
Bartholemy,Bruntje
Noemi,Parkeson
Nerita,Stainer
Merle,Deares
Jeanine,Di Franceshci
Tull,Harrald
Jeanne,Ivanuschka
Ida,De Giorgio
Darlleen,Clover
Kaleb,Ambrosini
Ezmeralda,Duffil
Baily,Kinde
Willis,Troth
Townsend,Cubley
Hephzibah,Absolon
Cullie,Sunshine
Thia,Nix
Benjamin,Escala
Nannie,Harrigan
Garth,Milnthorpe
Tiphanie,Snibson
Cecilio,Vellender
Nickolaus,Vanderson
Joell,Eastmead
Brion,Realy
Jessy,Pays
Chrissie,Ellerton
Tobit,Kneel
Ginevra,Stratiff
Russ,Chastagnier
Maryann,Duckett
Gerri,Pawling
Jo-ann,Vassar
Cymbre,Perrygo
Germana,Swinney
Gayler,Ofield
La verne,Lamboll
Austine,Dunston
Aleta,Kelemen
Rosemarie,Blackaby
Monah,O'Hanley
Vincent,Antham
Jeramey,Mucci
Twyla,Habert
Daven,Viggers
Sarah,Kesper
Moira,Sturney
Hanny,August
Rhett,Dudleston
